Strata,Area.nm,NH
1010,2516,251600
1020,2078,207800
1030,566,56600
1040,188,18800
1050,1475,147500
1060,2554,255400
1070,514,51400
1080,230,23000
1090,1522,152200
1100,2722,272200
1110,622,62200
1120,176,17600
1130,2374,237400
1140,656,65600
1150,230,23000
1160,2980,298000
1170,360,36000
1180,172,17200
1190,2454,245400
1200,1221,122100
1210,424,42400
1220,454,45400
1230,1016,101600
1240,2569,256900
1250,390,39000
1260,1014,101400
1270,720,72000
1280,2249,224900
1290,3245,324500
1300,619,61900
1340,1766,176600
1351,533,53300
1360,4069,406900
1370,2108,210800
1380,2560,256000
1390,730,73000
1400,578,57800
1610,1318,131800
1620,243,24300
1630,86,8600
1640,60,6000
1650,2832,283200
1660,555,55500
1670,86,8600
1680,52,5200
1690,2433,243300
1700,1024,102400
1710,281,28100
1720,105,10500
1730,2145,214500
1740,1273,127300
1750,139,13900
1760,60,6000
3020,62,6200
3050,62,6200
3080,150,15000
3110,242,24200
3140,110,11000
3170,238,23800
3200,356,35600
3230,167,16700
3260,154,15400
3290,185,18500
3320,106,10600
3350,88,8800
3380,224,22400
3410,383,38300
3440,304,30400
3450,170,17000
3460,273,27300
3560,57,5700
3590,93,9300
3600,126,12600
3610,133,13300
3640,90,9000
3650,75,7500
3660,151,15100
