Strata,Strata.ori,Area.nm,NH,Strata.rev
1010,1010,2516,251600,1010
1020,1020,2078,207800,1020
1030,1030,566,56600,1999
1040,1040,188,18800,1999
1050,1050,1475,147500,1050
1060,1060,2554,255400,1060
1070,1070,514,51400,1998
1080,1080,230,23000,1998
1090,1090,1522,152200,1090
1100,1100,2722,272200,1100
1110,1110,622,62200,1998
1120,1120,176,17600,1998
1130,1130,2374,237400,1130
1140,1140,656,65600,1998
1150,1150,230,23000,1998
1160,1160,2980,298000,1160
1170,1170,360,36000,1998
1180,1180,172,17200,1998
1190,1190,2454,245400,1190
1200,1200,1221,122100,1200
1210,1210,424,42400,1210
1220,1220,454,45400,1220
1230,1230,1016,101600,1230
1240,1240,2569,256900,1240
1250,1250,390,39000,1250
1260,1260,1014,101400,1260
1270,1270,720,72000,1270
1280,1280,2249,224900,1280
1290,1290,3245,324500,1290
1300,1300,619,61900,1300
1340,1340,1766,176600,1340
1351,1351,533,53300,1351
1360,1360,4069,406900,1360
1370,1370,2108,210800,1370
1380,1380,2560,256000,1380
1390,1390,730,73000,1390
1400,1400,578,57800,1400
1610,1610,1318,131800,1610
1620,1620,243,24300,1620
1630,1630,86,8600,1999
1640,1640,60,6000,1999
1650,1650,2832,283200,1650
1660,1660,555,55500,1660
1670,1670,86,8600,1999
1680,1680,52,5200,1999
1690,1690,2433,243300,1690
1700,1700,1024,102400,1700
1710,1710,281,28100,1999
1720,1720,105,10500,1999
1730,1730,2145,214500,1730
1740,1740,1273,127300,1740
1750,1750,139,13900,1999
1760,1760,60,6000,1999
3020,3020,62,6200,3998
3050,3050,62,6200,3998
3080,3080,150,15000,3998
3110,3110,242,24200,3998
3140,3140,110,11000,3998
3170,3170,238,23800,3998
3200,3200,356,35600,3999
3230,3230,167,16700,3999
3260,3260,154,15400,3999
3290,3290,185,18500,3999
3320,3320,106,10600,3999
3350,3350,88,8800,3999
3380,3380,224,22400,3999
3410,3410,383,38300,3999
3440,3440,304,30400,3999
3450,3450,170,17000,3998
3460,3460,273,27300,3998
3560,3560,57,5700,3560
3590,3590,93,9300,3590
3600,3600,126,12600,3600
3610,3610,133,13300,3610
3640,3640,90,9000,3640
3650,3650,75,7500,3650
3660,3660,151,15100,3660
7520,7520,163,16300,7520
8500,8500,796,79600,8500
8510,8510,268,26800,8510
8520,8520,216,21600,8520
8530,8530,150,15000,8530
