Strata,area.nm,NH
1010,2516,251600
1020,2078,207800
1050,1475,147500
1060,2554,255400
1090,1522,152200
1100,2722,272200
1130,2374,237400
1160,2980,298000
1190,2454,245400
1200,1221,122100
1210,424,42400
1220,454,45400
1230,1016,101600
1240,2569,256900
1250,390,39000
1260,1014,101400
1270,720,72000
1280,2249,224900
1290,3245,324500
1300,619,61900
1340,1766,176600
1351,533,53300
1360,4069,406900
1370,2108,210800
1380,2560,256000
1390,730,73000
1400,578,57800
1610,1318,131800
1620,243,24300
1650,2832,283200
1660,555,55500
1690,2433,243300
1700,1024,102400
1730,2145,214500
1740,1273,127300
1998,2960,296000
1999,1623,162300
3560,57,5700
3590,93,9300
3600,126,12600
3610,133,13300
3640,90,9000
3650,75,7500
3660,151,15100
3998,1307,130700
3999,1967,196700
7520,163,16300
8500,796,79600
8510,268,26800
8520,216,21600
8530,150,15000
