Line ID,SPECIES_ITIS,STOCK_ABBREV,SVSPP,StockList,ITIS.List,COMMON_NAME
1,160617,UNIT,15,15.UNIT,160617.UNIT,DOGFISH_ SPINY
2,160230,UNIT,13,13.UNIT,160230.UNIT,DOGFISH_ SMOOTH
3,164730,NORTH,77,77.NORTH,164730.NORTH,HAKE_ ATLANTIC_ RED
4,164730,SOUTH,77,77.SOUTH,164730.SOUTH,HAKE_ ATLANTIC_ RED
5,172746,SNEMA,108,108.SNEMA,172746.SNEMA,FLOUNDER_ SAND DAB (WINDOWPANE)
6,172877,UNIT,102,102.UNIT,172877.UNIT,FLOUNDER_ PLAICE_ AMERICAN (DAB)
7,164732,UNIT,76,76.UNIT,164732.UNIT,HAKE_ ATLANTIC_ WHITE
8,164712,GOM,73,73.GOM,164712.GOM,COD_ ATLANTIC
9,164712,GBK,73,73.GBK,164712.GBK,COD_ ATLANTIC
10,164744,GOM,74,74.GOM,164744.GOM,HADDOCK
11,164744,GBK,74,74.GBK,164744.GBK,HADDOCK
12,172909,GBK,105,105.GBK,172909.GBK,FLOUNDER_ YELLOWTAIL
13,172909,CCGOM,105,105.CCGOM,172909.CCGOM,FLOUNDER_ YELLOWTAIL
14,172909,SNEMA,105,105.SNEMA,172909.SNEMA,FLOUNDER_ YELLOWTAIL
15,172873,UNIT,107,107.UNIT,172873.UNIT,FLOUNDER_ WITCH (GRAY SOLE)
16,167687,UNIT,141,141.UNIT,167687.UNIT,SEA BASS_ BLACK
17,630979,UNIT,193,193.UNIT,630979.UNIT,POUT_ OCEAN
18,164712,EGB,73,73.EGB,164712.EGB,COD_ ATLANTIC
19,164744,EGB,74,74.EGB,164744.EGB,HADDOCK
20,172567,UNIT,131,131.UNIT,172567.UNIT,BUTTERFISH
21,161722,UNIT,32,32.UNIT,161722.UNIT,HERRING_ ATLANTIC_ SEA
22,564139,UNIT,22,22.UNIT,564139.UNIT,SKATE_ BARNDOOR
23,564145,UNIT,23,23.UNIT,564145.UNIT,SKATE_ WINTER
24,564130,UNIT,26,26.UNIT,564130.UNIT,SKATE_ LITTLE
25,160855,GBGOM,24,24.GBGOM,160855.GBGOM,SKATE_ CLEARNOSE
26,564130,GBGOM,26,26.GBGOM,564130.GBGOM,SKATE_ LITTLE
27,564136,GBGOM,25,25.GBGOM,564136.GBGOM,SKATE_ ROSETTE
28,564139,GBGOM,22,22.GBGOM,564139.GBGOM,SKATE_ BARNDOOR
29,564145,GBGOM,23,23.GBGOM,564145.GBGOM,SKATE_ WINTER
30,564149,GBGOM,28,28.GBGOM,564149.GBGOM,SKATE_ THORNY
31,564151,GBGOM,27,27.GBGOM,564151.GBGOM,SKATE_ SMOOTH
32,160855,SNEMA,24,24.SNEMA,160855.SNEMA,SKATE_ CLEARNOSE
33,564130,SNEMA,26,26.SNEMA,564130.SNEMA,SKATE_ LITTLE
34,564136,SNEMA,25,25.SNEMA,564136.SNEMA,SKATE_ ROSETTE
35,564139,SNEMA,22,22.SNEMA,564139.SNEMA,SKATE_ BARNDOOR
36,564145,SNEMA,23,23.SNEMA,564145.SNEMA,SKATE_ WINTER
37,564149,SNEMA,28,28.SNEMA,564149.SNEMA,SKATE_ THORNY
38,564151,SNEMA,27,27.SNEMA,564151.SNEMA,SKATE_ SMOOTH
39,172735,UNIT,103,103.UNIT,172735.UNIT,FLOUNDER_ SUMMER (FLUKE)
40,172933,UNIT,101,101.UNIT,172933.UNIT,HALIBUT_ ATLANTIC
41,164499,NORTH,197,197.NORTH,164499.NORTH,GOOSEFISH
42,164727,UNIT,75,75.UNIT,164727.UNIT,POLLOCK_ ATLANTIC
43,164499,SOUTH,197,197.SOUTH,164499.SOUTH,GOOSEFISH
44,169182,UNIT,143,143.UNIT,169182.UNIT,SCUP
45,172905,GOM,106,106.GOM,172905.GOM,FLOUNDER_ WINTER
46,166774,UNIT,155,155.UNIT,166774.UNIT,PERCH_ OCEAN(REDFISH)
47,564149,UNIT,28,28.UNIT,564149.UNIT,SKATE_ THORNY
48,564136,UNIT,25,25.UNIT,564136.UNIT,SKATE_ ROSETTE
49,564151,UNIT,27,27.UNIT,564151.UNIT,SKATE_ SMOOTH
50,160855,UNIT,24,24.UNIT,160855.UNIT,SKATE_ CLEARNOSE
51,168546,UNIT,151,151.UNIT,168546.UNIT,TILEFISH (GOLDEN TILEFISH)
52,172746,GBGOM,108,108.GBGOM,172746.GBGOM,FLOUNDER_ SAND DAB (WINDOWPANE)
53,172414,UNIT,121,121.UNIT,172414.UNIT,MACKEREL_ ATLANTIC
54,161706,UNIT,33,33.UNIT,161706.UNIT,ALEWIFE
55,172905,GBK,106,106.GBK,172905.GBK,FLOUNDER_ WINTER
56,172905,SNEMA,106,106.SNEMA,172905.SNEMA,FLOUNDER_ WINTER
57,164791,NORTH,72,72.NORTH,164791.NORTH,HAKE_ SILVER (WHITING)
58,164791,SOUTH,72,72.SOUTH,164791.SOUTH,HAKE_ SILVER (WHITING)
59,161703,UNIT,34,34.UNIT,161703.UNIT,HERRING_ BLUEBACK
60,171341,UNIT,192,192.UNIT,171341.UNIT,WOLFFISH_ ATLANTIC
61,172414,ALT2,121,121.ALT2,172414.ALT2,MACKEREL_ ATLANTIC
62,172414,ALT3,121,121.ALT3,172414.ALT3,MACKEREL_ ATLANTIC
63,164793,UNIT,69,69.UNIT,164793.UNIT,HAKE_ OFFSHORE UNC (WHITING_ BLACK)
64,164744,GOMA2,74,74.GOMA2,164744.GOMA2,HADDOCK
65,167687,NORTH,141,141.NORTH,167687.NORTH,SEA BASS_ BLACK
66,167687,SOUTH,141,141.SOUTH,167687.SOUTH,SEA BASS_ BLACK
67,164793,NORTH,69,69.NORTH,164793.NORTH,HAKE_ OFFSHORE UNC (WHITING_ BLACK)
68,164793,SOUTH,69,69.SOUTH,164793.SOUTH,HAKE_ OFFSHORE UNC (WHITING_ BLACK)
69,082372,UNIT,503,503.UNIT,082372.UNIT,SQUID_ LONGFIN LOLIGO
70,172567,MOD1,131,131.MOD1,172567.MOD1,BUTTERFISH
71,172414,ALT1,121,121.ALT1,172414.ALT1,MACKEREL_ ATLANTIC
72,169182,BIG,143,143.BIG,169182.BIG,SCUP
73,172735,BIGSE,103,103.BIGSE,172735.BIGSE,FLOUNDER_ SUMMER (FLUKE)
74,164744,GOMAL,74,74.GOMAL,164744.GOMAL,HADDOCK
75,172905,GOMWF,106,106.GOMWF,172905.GOMWF,FLOUNDER_ WINTER
76,168559,UNIT,135,135.UNIT,168559.UNIT,BLUEFISH
77,172735,SFALT,103,103.SFALT,172735.SFALT,FLOUNDER_ SUMMER (FLUKE)
78,172735,BIG,103,103.BIG,172735.BIG,FLOUNDER_ SUMMER (FLUKE)
79,172567,MOD2,131,131.MOD2,172567.MOD2,BUTTERFISH
80,164712,WGOM,73,73.WGOM,164712.WGOM,COD_ ATLANTIC
81,081343,UNIT,409,409.UNIT,081343.UNIT,CLAM_ QUAHOG_ OCEAN
82,080944,UNIT,403,403.UNIT,080944.UNIT,CLAM_ SURF_ ATLANTIC
83,082521,UNIT,502,502.UNIT,082521.UNIT,SQUID_ SHORTFIN ILLEX
84,164712,EGOM,73,73.EGOM,164712.EGOM,COD_ ATLANTIC
85,164712,SNE,73,73.SNE,164712.SNE,COD_ ATLANTIC
